[
  {
    "bolge": "AKDENİZ",
    "il": "ADANA",
    "plaka": 1
  },
  {
    "bolge": "GÜNEYDOĞU ANADOLU",
    "il": "ADIYAMAN",
    "plaka": 2
  },
  {
    "bolge": "EGE",
    "il": "AFYONKARAHİSAR",
    "plaka": 3
  },
  {
    "bolge": "DOĞU ANADOLU",
    "il": "AĞRI",
    "plaka": 4
  },
  {
    "bolge": "KARADENİZ",
    "il": "AMASYA",
    "plaka": 5
  },
  {
    "bolge": "İÇ ANADOLU",
    "il": "ANKARA",
    "plaka": 6
  },
  {
    "bolge": "AKDENİZ",
    "il": "ANTALYA",
    "plaka": 7
  },
  {
    "bolge": "KARADENİZ",
    "il": "ARTVİN",
    "plaka": 8
  },
  {
    "bolge": "EGE",
    "il": "AYDIN",
    "plaka": 9
  },
  {
    "bolge": "MARMARA",
    "il": "BALIKESİR",
    "plaka": 10
  },
  {
    "bolge": "MARMARA",
    "il": "BİLECİK",
    "plaka": 11
  },
  {
    "bolge": "DOĞU ANADOLU",
    "il": "BİNGÖL",
    "plaka": 12
  },
  {
    "bolge": "DOĞU ANADOLU",
    "il": "BİTLİS",
    "plaka": 13
  },
  {
    "bolge": "KARADENİZ",
    "il": "BOLU",
    "plaka": 14
  },
  {
    "bolge": "AKDENİZ",
    "il": "BURDUR",
    "plaka": 15
  },
  {
    "bolge": "MARMARA",
    "il": "BURSA",
    "plaka": 16
  },
  {
    "bolge": "MARMARA",
    "il": "ÇANAKKALE",
    "plaka": 17
  },
  {
    "bolge": "İÇ ANADOLU",
    "il": "ÇANKIRI",
    "plaka": 18
  },
  {
    "bolge": "KARADENİZ",
    "il": "ÇORUM",
    "plaka": 19
  },
  {
    "bolge": "EGE",
    "il": "DENİZLİ",
    "plaka": 20
  },
  {
    "bolge": "GÜNEYDOĞU ANADOLU",
    "il": "DİYARBAKIR",
    "plaka": 21
  },
  {
    "bolge": "MARMARA",
    "il": "EDİRNE",
    "plaka": 22
  },
  {
    "bolge": "DOĞU ANADOLU",
    "il": "ELAZIĞ",
    "plaka": 23
  },
  {
    "bolge": "DOĞU ANADOLU",
    "il": "ERZİNCAN",
    "plaka": 24
  },
  {
    "bolge": "DOĞU ANADOLU",
    "il": "ERZURUM",
    "plaka": 25
  },
  {
    "bolge": "İÇ ANADOLU",
    "il": "ESKİŞEHİR",
    "plaka": 26
  },
  {
    "bolge": "GÜNEYDOĞU ANADOLU",
    "il": "GAZİANTEP",
    "plaka": 27
  },
  {
    "bolge": "KARADENİZ",
    "il": "GİRESUN",
    "plaka": 28
  },
  {
    "bolge": "KARADENİZ",
    "il": "GÜMÜŞHANE",
    "plaka": 29
  },
  {
    "bolge": "DOĞU ANADOLU",
    "il": "HAKKARİ",
    "plaka": 30
  },
  {
    "bolge": "AKDENİZ",
    "il": "HATAY",
    "plaka": 31
  },
  {
    "bolge": "AKDENİZ",
    "il": "ISPARTA",
    "plaka": 32
  },
  {
    "bolge": "AKDENİZ",
    "il": "MERSİN",
    "plaka": 33
  },
  {
    "bolge": "MARMARA",
    "il": "İSTANBUL",
    "plaka": 34
  },
  {
    "bolge": "EGE",
    "il": "İZMİR",
    "plaka": 35
  },
  {
    "bolge": "DOĞU ANADOLU",
    "il": "KARS",
    "plaka": 36
  },
  {
    "bolge": "KARADENİZ",
    "il": "KASTAMONU",
    "plaka": 37
  },
  {
    "bolge": "İÇ ANADOLU",
    "il": "KAYSERİ",
    "plaka": 38
  },
  {
    "bolge": "MARMARA",
    "il": "KIRKLARELİ",
    "plaka": 39
  },
  {
    "bolge": "İÇ ANADOLU",
    "il": "KIRŞEHİR",
    "plaka": 40
  },
  {
    "bolge": "MARMARA",
    "il": "KOCAELİ",
    "plaka": 41
  },
  {
    "bolge": "İÇ ANADOLU",
    "il": "KONYA",
    "plaka": 42
  },
  {
    "bolge": "EGE",
    "il": "KÜTAHYA",
    "plaka": 43
  },
  {
    "bolge": "DOĞU ANADOLU",
    "il": "MALATYA",
    "plaka": 44
  },
  {
    "bolge": "EGE",
    "il": "MANİSA",
    "plaka": 45
  },
  {
    "bolge": "AKDENİZ",
    "il": "KAHRAMANMARAŞ",
    "plaka": 46
  },
  {
    "bolge": "GÜNEYDOĞU ANADOLU",
    "il": "MARDİN",
    "plaka": 47
  },
  {
    "bolge": "EGE",
    "il": "MUĞLA",
    "plaka": 48
  },
  {
    "bolge": "DOĞU ANADOLU",
    "il": "MUŞ",
    "plaka": 49
  },
  {
    "bolge": "İÇ ANADOLU",
    "il": "NEVŞEHİR",
    "plaka": 50
  },
  {
    "bolge": "İÇ ANADOLU",
    "il": "NİĞDE",
    "plaka": 51
  },
  {
    "bolge": "KARADENİZ",
    "il": "ORDU",
    "plaka": 52
  },
  {
    "bolge": "KARADENİZ",
    "il": "RİZE",
    "plaka": 53
  },
  {
    "bolge": "MARMARA",
    "il": "SAKARYA",
    "plaka": 54
  },
  {
    "bolge": "KARADENİZ",
    "il": "SAMSUN",
    "plaka": 55
  },
  {
    "bolge": "GÜNEYDOĞU ANADOLU",
    "il": "SİİRT",
    "plaka": 56
  },
  {
    "bolge": "KARADENİZ",
    "il": "SİNOP",
    "plaka": 57
  },
  {
    "bolge": "İÇ ANADOLU",
    "il": "SİVAS",
    "plaka": 58
  },
  {
    "bolge": "MARMARA",
    "il": "TEKİRDAĞ",
    "plaka": 59
  },
  {
    "bolge": "KARADENİZ",
    "il": "TOKAT",
    "plaka": 60
  },
  {
    "bolge": "KARADENİZ",
    "il": "TRABZON",
    "plaka": 61
  },
  {
    "bolge": "DOĞU ANADOLU",
    "il": "TUNCELİ",
    "plaka": 62
  },
  {
    "bolge": "GÜNEYDOĞU ANADOLU",
    "il": "ŞANLIURFA",
    "plaka": 63
  },
  {
    "bolge": "EGE",
    "il": "UŞAK",
    "plaka": 64
  },
  {
    "bolge": "DOĞU ANADOLU",
    "il": "VAN",
    "plaka": 65
  },
  {
    "bolge": "İÇ ANADOLU",
    "il": "YOZGAT",
    "plaka": 66
  },
  {
    "bolge": "KARADENİZ",
    "il": "ZONGULDAK",
    "plaka": 67
  },
  {
    "bolge": "İÇ ANADOLU",
    "il": "AKSARAY",
    "plaka": 68
  },
  {
    "bolge": "KARADENİZ",
    "il": "BAYBURT",
    "plaka": 69
  },
  {
    "bolge": "İÇ ANADOLU",
    "il": "KARAMAN",
    "plaka": 70
  },
  {
    "bolge": "İÇ ANADOLU",
    "il": "KIRIKKALE",
    "plaka": 71
  },
  {
    "bolge": "GÜNEYDOĞU ANADOLU",
    "il": "BATMAN",
    "plaka": 72
  },
  {
    "bolge": "GÜNEYDOĞU ANADOLU",
    "il": "ŞIRNAK",
    "plaka": 73
  },
  {
    "bolge": "KARADENİZ",
    "il": "BARTIN",
    "plaka": 74
  },
  {
    "bolge": "DOĞU ANADOLU",
    "il": "ARDAHAN",
    "plaka": 75
  },
  {
    "bolge": "DOĞU ANADOLU",
    "il": "IĞDIR",
    "plaka": 76
  },
  {
    "bolge": "MARMARA",
    "il": "YALOVA",
    "plaka": 77
  },
  {
    "bolge": "KARADENİZ",
    "il": "KARABÜK",
    "plaka": 78
  },
  {
    "bolge": "GÜNEYDOĞU ANADOLU",
    "il": "KİLİS",
    "plaka": 79
  },
  {
    "bolge": "AKDENİZ",
    "il": "OSMANİYE",
    "plaka": 80
  },
  {
    "bolge": "KARADENİZ",
    "il": "DÜZCE",
    "plaka": 81
  }
]